{
	"start":	{
		"connected":	[{
				"socket":	5,
				"local_host":	"192.168.0.104",
				"local_port":	51570,
				"remote_host":	"195.148.124.36",
				"remote_port":	5204
			}],
		"version":	"iperf 3.7",
		"system_info":	"Linux T14s 5.11.0-37-generic #41~20.04.2-Ubuntu SMP Fri Sep 24 09:06:38 UTC 2021 x86_64",
		"timestamp":	{
			"time":	"Mon, 04 Oct 2021 17:56:11 GMT",
			"timesecs":	1633370171
		},
		"connecting_to":	{
			"host":	"ok1.iperf.comnet-student.eu",
			"port":	5204
		},
		"cookie":	"rjhpl6t52fmtwt5zjj4wevrc6vxqtvdcyq3t",
		"tcp_mss_default":	1448,
		"sock_bufsize":	0,
		"sndbuf_actual":	16384,
		"rcvbuf_actual":	131072,
		"test_start":	{
			"protocol":	"TCP",
			"num_streams":	1,
			"blksize":	131072,
			"omit":	0,
			"duration":	10,
			"bytes":	0,
			"blocks":	0,
			"reverse":	1,
			"tos":	0
		}
	},
	"intervals":	[{
			"streams":	[{
					"socket":	5,
					"start":	0,
					"end":	1.000167,
					"seconds":	1.0001670122146606,
					"bytes":	72632384,
					"bits_per_second":	580962044.24235725,
					"omitted":	false,
					"sender":	false
				}],
			"sum":	{
				"start":	0,
				"end":	1.000167,
				"seconds":	1.0001670122146606,
				"bytes":	72632384,
				"bits_per_second":	580962044.24235725,
				"omitted":	false,
				"sender":	false
			}
		}, {
			"streams":	[{
					"socket":	5,
					"start":	1.000167,
					"end":	2.000088,
					"seconds":	0.99992102384567261,
					"bytes":	73520752,
					"bits_per_second":	588212470.758868,
					"omitted":	false,
					"sender":	false
				}],
			"sum":	{
				"start":	1.000167,
				"end":	2.000088,
				"seconds":	0.99992102384567261,
				"bytes":	73520752,
				"bits_per_second":	588212470.758868,
				"omitted":	false,
				"sender":	false
			}
		}, {
			"streams":	[{
					"socket":	5,
					"start":	2.000088,
					"end":	3.000079,
					"seconds":	0.99999099969863892,
					"bytes":	73124000,
					"bits_per_second":	584997265.15168178,
					"omitted":	false,
					"sender":	false
				}],
			"sum":	{
				"start":	2.000088,
				"end":	3.000079,
				"seconds":	0.99999099969863892,
				"bytes":	73124000,
				"bits_per_second":	584997265.15168178,
				"omitted":	false,
				"sender":	false
			}
		}, {
			"streams":	[{
					"socket":	5,
					"start":	3.000079,
					"end":	4.000127,
					"seconds":	1.000048041343689,
					"bytes":	74550280,
					"bits_per_second":	596373589.411424,
					"omitted":	false,
					"sender":	false
				}],
			"sum":	{
				"start":	3.000079,
				"end":	4.000127,
				"seconds":	1.000048041343689,
				"bytes":	74550280,
				"bits_per_second":	596373589.411424,
				"omitted":	false,
				"sender":	false
			}
		}, {
			"streams":	[{
					"socket":	5,
					"start":	4.000127,
					"end":	5.000011,
					"seconds":	0.99988400936126709,
					"bytes":	75243872,
					"bits_per_second":	602020804.7776767,
					"omitted":	false,
					"sender":	false
				}],
			"sum":	{
				"start":	4.000127,
				"end":	5.000011,
				"seconds":	0.99988400936126709,
				"bytes":	75243872,
				"bits_per_second":	602020804.7776767,
				"omitted":	false,
				"sender":	false
			}
		}, {
			"streams":	[{
					"socket":	5,
					"start":	5.000011,
					"end":	6.000079,
					"seconds":	1.0000679492950439,
					"bytes":	74381696,
					"bits_per_second":	595013137.27678013,
					"omitted":	false,
					"sender":	false
				}],
			"sum":	{
				"start":	5.000011,
				"end":	6.000079,
				"seconds":	1.0000679492950439,
				"bytes":	74381696,
				"bits_per_second":	595013137.27678013,
				"omitted":	false,
				"sender":	false
			}
		}, {
			"streams":	[{
					"socket":	5,
					"start":	6.000079,
					"end":	7.000077,
					"seconds":	0.99999797344207764,
					"bytes":	75908504,
					"bits_per_second":	607269262.66633523,
					"omitted":	false,
					"sender":	false
				}],
			"sum":	{
				"start":	6.000079,
				"end":	7.000077,
				"seconds":	0.99999797344207764,
				"bytes":	75908504,
				"bits_per_second":	607269262.66633523,
				"omitted":	false,
				"sender":	false
			}
		}, {
			"streams":	[{
					"socket":	5,
					"start":	7.000077,
					"end":	8.00008,
					"seconds":	1.0000029802322388,
					"bytes":	74314256,
					"bits_per_second":	594512276.21534812,
					"omitted":	false,
					"sender":	false
				}],
			"sum":	{
				"start":	7.000077,
				"end":	8.00008,
				"seconds":	1.0000029802322388,
				"bytes":	74314256,
				"bits_per_second":	594512276.21534812,
				"omitted":	false,
				"sender":	false
			}
		}, {
			"streams":	[{
					"socket":	5,
					"start":	8.00008,
					"end":	9.000087,
					"seconds":	1.0000070333480835,
					"bytes":	74726936,
					"bits_per_second":	597811283.38515568,
					"omitted":	false,
					"sender":	false
				}],
			"sum":	{
				"start":	8.00008,
				"end":	9.000087,
				"seconds":	1.0000070333480835,
				"bytes":	74726936,
				"bits_per_second":	597811283.38515568,
				"omitted":	false,
				"sender":	false
			}
		}, {
			"streams":	[{
					"socket":	5,
					"start":	9.000087,
					"end":	10.000088,
					"seconds":	1.0000009536743164,
					"bytes":	74327288,
					"bits_per_second":	594617736.92833626,
					"omitted":	false,
					"sender":	false
				}],
			"sum":	{
				"start":	9.000087,
				"end":	10.000088,
				"seconds":	1.0000009536743164,
				"bytes":	74327288,
				"bits_per_second":	594617736.92833626,
				"omitted":	false,
				"sender":	false
			}
		}],
	"end":	{
		"streams":	[{
				"sender":	{
					"socket":	5,
					"start":	0,
					"end":	10.012672999990173,
					"seconds":	10.012672999990173,
					"bytes":	745621384,
					"bits_per_second":	595742123.20784414,
					"retransmits":	68,
					"max_snd_cwnd":	0,
					"max_rtt":	0,
					"min_rtt":	0,
					"mean_rtt":	0,
					"sender":	false
				},
				"receiver":	{
					"socket":	5,
					"start":	0,
					"end":	10.000088,
					"seconds":	10.000088,
					"bytes":	742729968,
					"bits_per_second":	594178745.62703848,
					"sender":	false
				}
			}],
		"sum_sent":	{
			"start":	0,
			"end":	10.012672999990173,
			"seconds":	10.012672999990173,
			"bytes":	745621384,
			"bits_per_second":	595742123.20784414,
			"retransmits":	68,
			"sender":	false
		},
		"sum_received":	{
			"start":	0,
			"end":	10.000088,
			"seconds":	10.000088,
			"bytes":	742729968,
			"bits_per_second":	594178745.62703848,
			"sender":	false
		},
		"cpu_utilization_percent":	{
			"host_total":	14.302488462640151,
			"host_user":	0.78388526837951611,
			"host_system":	13.518593251903441,
			"remote_total":	0.031016138370084753,
			"remote_user":	0.0030099094766209097,
			"remote_system":	0.028007657778856138
		},
		"sender_tcp_congestion":	"cubic",
		"receiver_tcp_congestion":	"cubic"
	}
}
