{
	"start":	{
		"connected":	[{
				"socket":	5,
				"local_host":	"192.168.0.104",
				"local_port":	44442,
				"remote_host":	"195.148.124.36",
				"remote_port":	5201
			}],
		"version":	"iperf 3.7",
		"system_info":	"Linux T14s 5.11.0-37-generic #41~20.04.2-Ubuntu SMP Fri Sep 24 09:06:38 UTC 2021 x86_64",
		"timestamp":	{
			"time":	"Mon, 04 Oct 2021 20:56:01 GMT",
			"timesecs":	1633380961
		},
		"connecting_to":	{
			"host":	"ok1.iperf.comnet-student.eu",
			"port":	5201
		},
		"cookie":	"zzbdmt4xtkns4iyvnb5avdyb7pput2aggr6j",
		"tcp_mss_default":	1448,
		"sock_bufsize":	0,
		"sndbuf_actual":	16384,
		"rcvbuf_actual":	131072,
		"test_start":	{
			"protocol":	"TCP",
			"num_streams":	1,
			"blksize":	131072,
			"omit":	0,
			"duration":	10,
			"bytes":	0,
			"blocks":	0,
			"reverse":	0,
			"tos":	0
		}
	},
	"intervals":	[{
			"streams":	[{
					"socket":	5,
					"start":	0,
					"end":	1.000342,
					"seconds":	1.0003420114517212,
					"bytes":	50930824,
					"bits_per_second":	407307288.24305135,
					"retransmits":	17,
					"snd_cwnd":	881832,
					"rtt":	15662,
					"rttvar":	674,
					"pmtu":	1500,
					"omitted":	false,
					"sender":	true
				}],
			"sum":	{
				"start":	0,
				"end":	1.000342,
				"seconds":	1.0003420114517212,
				"bytes":	50930824,
				"bits_per_second":	407307288.24305135,
				"retransmits":	17,
				"omitted":	false,
				"sender":	true
			}
		}, {
			"streams":	[{
					"socket":	5,
					"start":	1.000342,
					"end":	2.000169,
					"seconds":	0.99982702732086182,
					"bytes":	52428800,
					"bits_per_second":	419502962.55133891,
					"retransmits":	1,
					"snd_cwnd":	674768,
					"rtt":	10504,
					"rttvar":	1287,
					"pmtu":	1500,
					"omitted":	false,
					"sender":	true
				}],
			"sum":	{
				"start":	1.000342,
				"end":	2.000169,
				"seconds":	0.99982702732086182,
				"bytes":	52428800,
				"bits_per_second":	419502962.55133891,
				"retransmits":	1,
				"omitted":	false,
				"sender":	true
			}
		}, {
			"streams":	[{
					"socket":	5,
					"start":	2.000169,
					"end":	3.000213,
					"seconds":	1.0000439882278442,
					"bytes":	56360960,
					"bits_per_second":	450867847.12241316,
					"retransmits":	0,
					"snd_cwnd":	734136,
					"rtt":	9970,
					"rttvar":	449,
					"pmtu":	1500,
					"omitted":	false,
					"sender":	true
				}],
			"sum":	{
				"start":	2.000169,
				"end":	3.000213,
				"seconds":	1.0000439882278442,
				"bytes":	56360960,
				"bits_per_second":	450867847.12241316,
				"retransmits":	0,
				"omitted":	false,
				"sender":	true
			}
		}, {
			"streams":	[{
					"socket":	5,
					"start":	3.000213,
					"end":	4.000131,
					"seconds":	0.99991798400878906,
					"bytes":	57671680,
					"bits_per_second":	461411283.10373968,
					"retransmits":	0,
					"snd_cwnd":	790608,
					"rtt":	6892,
					"rttvar":	166,
					"pmtu":	1500,
					"omitted":	false,
					"sender":	true
				}],
			"sum":	{
				"start":	3.000213,
				"end":	4.000131,
				"seconds":	0.99991798400878906,
				"bytes":	57671680,
				"bits_per_second":	461411283.10373968,
				"retransmits":	0,
				"omitted":	false,
				"sender":	true
			}
		}, {
			"streams":	[{
					"socket":	5,
					"start":	4.000131,
					"end":	5.000236,
					"seconds":	1.0001050233840942,
					"bytes":	56360960,
					"bits_per_second":	450840331.22272885,
					"retransmits":	2,
					"snd_cwnd":	838392,
					"rtt":	6520,
					"rttvar":	389,
					"pmtu":	1500,
					"omitted":	false,
					"sender":	true
				}],
			"sum":	{
				"start":	4.000131,
				"end":	5.000236,
				"seconds":	1.0001050233840942,
				"bytes":	56360960,
				"bits_per_second":	450840331.22272885,
				"retransmits":	2,
				"omitted":	false,
				"sender":	true
			}
		}, {
			"streams":	[{
					"socket":	5,
					"start":	5.000236,
					"end":	6.000129,
					"seconds":	0.99989300966262817,
					"bytes":	55050240,
					"bits_per_second":	440449043.79179037,
					"retransmits":	3,
					"snd_cwnd":	622640,
					"rtt":	9299,
					"rttvar":	110,
					"pmtu":	1500,
					"omitted":	false,
					"sender":	true
				}],
			"sum":	{
				"start":	5.000236,
				"end":	6.000129,
				"seconds":	0.99989300966262817,
				"bytes":	55050240,
				"bits_per_second":	440449043.79179037,
				"retransmits":	3,
				"omitted":	false,
				"sender":	true
			}
		}, {
			"streams":	[{
					"socket":	5,
					"start":	6.000129,
					"end":	7.00032,
					"seconds":	1.0001909732818604,
					"bytes":	53739520,
					"bits_per_second":	429834073.17639011,
					"retransmits":	26,
					"snd_cwnd":	680560,
					"rtt":	6322,
					"rttvar":	212,
					"pmtu":	1500,
					"omitted":	false,
					"sender":	true
				}],
			"sum":	{
				"start":	6.000129,
				"end":	7.00032,
				"seconds":	1.0001909732818604,
				"bytes":	53739520,
				"bits_per_second":	429834073.17639011,
				"retransmits":	26,
				"omitted":	false,
				"sender":	true
			}
		}, {
			"streams":	[{
					"socket":	5,
					"start":	7.00032,
					"end":	8.000334,
					"seconds":	1.0000139474868774,
					"bytes":	56360960,
					"bits_per_second":	450881391.33771104,
					"retransmits":	2,
					"snd_cwnd":	735584,
					"rtt":	8552,
					"rttvar":	151,
					"pmtu":	1500,
					"omitted":	false,
					"sender":	true
				}],
			"sum":	{
				"start":	7.00032,
				"end":	8.000334,
				"seconds":	1.0000139474868774,
				"bytes":	56360960,
				"bits_per_second":	450881391.33771104,
				"retransmits":	2,
				"omitted":	false,
				"sender":	true
			}
		}, {
			"streams":	[{
					"socket":	5,
					"start":	8.000334,
					"end":	9.000137,
					"seconds":	0.99980300664901733,
					"bytes":	53739520,
					"bits_per_second":	430000867.31177717,
					"retransmits":	2,
					"snd_cwnd":	787712,
					"rtt":	8189,
					"rttvar":	113,
					"pmtu":	1500,
					"omitted":	false,
					"sender":	true
				}],
			"sum":	{
				"start":	8.000334,
				"end":	9.000137,
				"seconds":	0.99980300664901733,
				"bytes":	53739520,
				"bits_per_second":	430000867.31177717,
				"retransmits":	2,
				"omitted":	false,
				"sender":	true
			}
		}, {
			"streams":	[{
					"socket":	5,
					"start":	9.000137,
					"end":	10.000107,
					"seconds":	0.999970018863678,
					"bytes":	56360960,
					"bits_per_second":	450901198.53030092,
					"retransmits":	1,
					"snd_cwnd":	835496,
					"rtt":	10202,
					"rttvar":	665,
					"pmtu":	1500,
					"omitted":	false,
					"sender":	true
				}],
			"sum":	{
				"start":	9.000137,
				"end":	10.000107,
				"seconds":	0.999970018863678,
				"bytes":	56360960,
				"bits_per_second":	450901198.53030092,
				"retransmits":	1,
				"omitted":	false,
				"sender":	true
			}
		}],
	"end":	{
		"streams":	[{
				"sender":	{
					"socket":	5,
					"start":	0,
					"end":	10.000107,
					"seconds":	10.000107,
					"bytes":	549004424,
					"bits_per_second":	439198839.77241445,
					"retransmits":	54,
					"max_snd_cwnd":	881832,
					"max_rtt":	15662,
					"min_rtt":	6322,
					"mean_rtt":	9211,
					"sender":	true
				},
				"receiver":	{
					"socket":	5,
					"start":	0,
					"end":	10.009883999940939,
					"seconds":	10.000107,
					"bytes":	545366032,
					"bits_per_second":	435862019.582419,
					"sender":	true
				}
			}],
		"sum_sent":	{
			"start":	0,
			"end":	10.000107,
			"seconds":	10.000107,
			"bytes":	549004424,
			"bits_per_second":	439198839.77241445,
			"retransmits":	54,
			"sender":	true
		},
		"sum_received":	{
			"start":	0,
			"end":	10.009883999940939,
			"seconds":	10.009883999940939,
			"bytes":	545366032,
			"bits_per_second":	435862019.582419,
			"sender":	true
		},
		"cpu_utilization_percent":	{
			"host_total":	1.821755150548767,
			"host_user":	0.055629753965583312,
			"host_system":	1.766125396583184,
			"remote_total":	3.5936849914722746,
			"remote_user":	0.37665715142747719,
			"remote_system":	3.2170254785135368
		},
		"sender_tcp_congestion":	"cubic",
		"receiver_tcp_congestion":	"cubic"
	}
}
