{
	"start":	{
		"connected":	[{
				"socket":	5,
				"local_host":	"192.168.0.104",
				"local_port":	37694,
				"remote_host":	"195.148.124.36",
				"remote_port":	5208
			}],
		"version":	"iperf 3.7",
		"system_info":	"Linux T14s 5.11.0-37-generic #41~20.04.2-Ubuntu SMP Fri Sep 24 09:06:38 UTC 2021 x86_64",
		"timestamp":	{
			"time":	"Mon, 04 Oct 2021 12:56:11 GMT",
			"timesecs":	1633352171
		},
		"connecting_to":	{
			"host":	"ok1.iperf.comnet-student.eu",
			"port":	5208
		},
		"cookie":	"wybbczg2eqesn6qwfdtsngdyx26omksrf2ts",
		"tcp_mss_default":	1448,
		"sock_bufsize":	0,
		"sndbuf_actual":	16384,
		"rcvbuf_actual":	131072,
		"test_start":	{
			"protocol":	"TCP",
			"num_streams":	1,
			"blksize":	131072,
			"omit":	0,
			"duration":	10,
			"bytes":	0,
			"blocks":	0,
			"reverse":	1,
			"tos":	0
		}
	},
	"intervals":	[{
			"streams":	[{
					"socket":	5,
					"start":	0,
					"end":	1.000076,
					"seconds":	1.0000760555267334,
					"bytes":	69042512,
					"bits_per_second":	552298090.6777997,
					"omitted":	false,
					"sender":	false
				}],
			"sum":	{
				"start":	0,
				"end":	1.000076,
				"seconds":	1.0000760555267334,
				"bytes":	69042512,
				"bits_per_second":	552298090.6777997,
				"omitted":	false,
				"sender":	false
			}
		}, {
			"streams":	[{
					"socket":	5,
					"start":	1.000076,
					"end":	2.000079,
					"seconds":	1.0000029802322388,
					"bytes":	71201056,
					"bits_per_second":	569606750.43959892,
					"omitted":	false,
					"sender":	false
				}],
			"sum":	{
				"start":	1.000076,
				"end":	2.000079,
				"seconds":	1.0000029802322388,
				"bytes":	71201056,
				"bits_per_second":	569606750.43959892,
				"omitted":	false,
				"sender":	false
			}
		}, {
			"streams":	[{
					"socket":	5,
					"start":	2.000079,
					"end":	3.000061,
					"seconds":	0.99998199939727783,
					"bytes":	74515528,
					"bits_per_second":	596134954.78848994,
					"omitted":	false,
					"sender":	false
				}],
			"sum":	{
				"start":	2.000079,
				"end":	3.000061,
				"seconds":	0.99998199939727783,
				"bytes":	74515528,
				"bits_per_second":	596134954.78848994,
				"omitted":	false,
				"sender":	false
			}
		}, {
			"streams":	[{
					"socket":	5,
					"start":	3.000061,
					"end":	4.000082,
					"seconds":	1.0000209808349609,
					"bytes":	74421408,
					"bits_per_second":	595358772.87584376,
					"omitted":	false,
					"sender":	false
				}],
			"sum":	{
				"start":	3.000061,
				"end":	4.000082,
				"seconds":	1.0000209808349609,
				"bytes":	74421408,
				"bits_per_second":	595358772.87584376,
				"omitted":	false,
				"sender":	false
			}
		}, {
			"streams":	[{
					"socket":	5,
					"start":	4.000082,
					"end":	5.000082,
					"seconds":	1,
					"bytes":	71138096,
					"bits_per_second":	569104768,
					"omitted":	false,
					"sender":	false
				}],
			"sum":	{
				"start":	4.000082,
				"end":	5.000082,
				"seconds":	1,
				"bytes":	71138096,
				"bits_per_second":	569104768,
				"omitted":	false,
				"sender":	false
			}
		}, {
			"streams":	[{
					"socket":	5,
					"start":	5.000082,
					"end":	6.000074,
					"seconds":	0.9999920129776001,
					"bytes":	70723216,
					"bits_per_second":	565790246.97937632,
					"omitted":	false,
					"sender":	false
				}],
			"sum":	{
				"start":	5.000082,
				"end":	6.000074,
				"seconds":	0.9999920129776001,
				"bytes":	70723216,
				"bits_per_second":	565790246.97937632,
				"omitted":	false,
				"sender":	false
			}
		}, {
			"streams":	[{
					"socket":	5,
					"start":	6.000074,
					"end":	7.000082,
					"seconds":	1.0000079870224,
					"bytes":	73167440,
					"bits_per_second":	585334844.91748226,
					"omitted":	false,
					"sender":	false
				}],
			"sum":	{
				"start":	6.000074,
				"end":	7.000082,
				"seconds":	1.0000079870224,
				"bytes":	73167440,
				"bits_per_second":	585334844.91748226,
				"omitted":	false,
				"sender":	false
			}
		}, {
			"streams":	[{
					"socket":	5,
					"start":	7.000082,
					"end":	8.000078,
					"seconds":	0.9999960064888,
					"bytes":	74237512,
					"bits_per_second":	593902467.75615668,
					"omitted":	false,
					"sender":	false
				}],
			"sum":	{
				"start":	7.000082,
				"end":	8.000078,
				"seconds":	0.9999960064888,
				"bytes":	74237512,
				"bits_per_second":	593902467.75615668,
				"omitted":	false,
				"sender":	false
			}
		}, {
			"streams":	[{
					"socket":	5,
					"start":	8.000078,
					"end":	9.000093,
					"seconds":	1.0000150203704834,
					"bytes":	74418512,
					"bits_per_second":	595339153.78534687,
					"omitted":	false,
					"sender":	false
				}],
			"sum":	{
				"start":	8.000078,
				"end":	9.000093,
				"seconds":	1.0000150203704834,
				"bytes":	74418512,
				"bits_per_second":	595339153.78534687,
				"omitted":	false,
				"sender":	false
			}
		}, {
			"streams":	[{
					"socket":	5,
					"start":	9.000093,
					"end":	10.000147,
					"seconds":	1.0000540018081665,
					"bytes":	74970200,
					"bits_per_second":	599729213.53805864,
					"omitted":	false,
					"sender":	false
				}],
			"sum":	{
				"start":	9.000093,
				"end":	10.000147,
				"seconds":	1.0000540018081665,
				"bytes":	74970200,
				"bits_per_second":	599729213.53805864,
				"omitted":	false,
				"sender":	false
			}
		}],
	"end":	{
		"streams":	[{
				"sender":	{
					"socket":	5,
					"start":	0,
					"end":	10.016006999998353,
					"seconds":	10.016006999998353,
					"bytes":	731022432,
					"bits_per_second":	583883323.56406713,
					"retransmits":	143,
					"max_snd_cwnd":	0,
					"max_rtt":	0,
					"min_rtt":	0,
					"mean_rtt":	0,
					"sender":	false
				},
				"receiver":	{
					"socket":	5,
					"start":	0,
					"end":	10.000147,
					"seconds":	10.000147,
					"bytes":	727835480,
					"bits_per_second":	582259824.78057575,
					"sender":	false
				}
			}],
		"sum_sent":	{
			"start":	0,
			"end":	10.016006999998353,
			"seconds":	10.016006999998353,
			"bytes":	731022432,
			"bits_per_second":	583883323.56406713,
			"retransmits":	143,
			"sender":	false
		},
		"sum_received":	{
			"start":	0,
			"end":	10.000147,
			"seconds":	10.000147,
			"bytes":	727835480,
			"bits_per_second":	582259824.78057575,
			"sender":	false
		},
		"cpu_utilization_percent":	{
			"host_total":	14.360189785484742,
			"host_user":	1.014591809598135,
			"host_system":	13.345588034268758,
			"remote_total":	0.018205474910328867,
			"remote_user":	0.0051890889202558495,
			"remote_system":	0.01301756715389899
		},
		"sender_tcp_congestion":	"cubic",
		"receiver_tcp_congestion":	"cubic"
	}
}
