{
	"start":	{
		"connected":	[{
				"socket":	5,
				"local_host":	"192.168.0.104",
				"local_port":	47484,
				"remote_host":	"195.148.124.36",
				"remote_port":	5210
			}],
		"version":	"iperf 3.7",
		"system_info":	"Linux T14s 5.11.0-37-generic #41~20.04.2-Ubuntu SMP Fri Sep 24 09:06:38 UTC 2021 x86_64",
		"timestamp":	{
			"time":	"Mon, 04 Oct 2021 10:56:11 GMT",
			"timesecs":	1633344971
		},
		"connecting_to":	{
			"host":	"ok1.iperf.comnet-student.eu",
			"port":	5210
		},
		"cookie":	"bskx5zdzg3ndlpjqsrzbwkciq36wrwrkgz45",
		"tcp_mss_default":	1448,
		"sock_bufsize":	0,
		"sndbuf_actual":	16384,
		"rcvbuf_actual":	131072,
		"test_start":	{
			"protocol":	"TCP",
			"num_streams":	1,
			"blksize":	131072,
			"omit":	0,
			"duration":	10,
			"bytes":	0,
			"blocks":	0,
			"reverse":	1,
			"tos":	0
		}
	},
	"intervals":	[{
			"streams":	[{
					"socket":	5,
					"start":	0,
					"end":	1.000081,
					"seconds":	1.000080943107605,
					"bytes":	48796152,
					"bits_per_second":	390337620.85995245,
					"omitted":	false,
					"sender":	false
				}],
			"sum":	{
				"start":	0,
				"end":	1.000081,
				"seconds":	1.000080943107605,
				"bytes":	48796152,
				"bits_per_second":	390337620.85995245,
				"omitted":	false,
				"sender":	false
			}
		}, {
			"streams":	[{
					"socket":	5,
					"start":	1.000081,
					"end":	2.000079,
					"seconds":	0.99999797344207764,
					"bytes":	56346024,
					"bits_per_second":	450769105.50970191,
					"omitted":	false,
					"sender":	false
				}],
			"sum":	{
				"start":	1.000081,
				"end":	2.000079,
				"seconds":	0.99999797344207764,
				"bytes":	56346024,
				"bits_per_second":	450769105.50970191,
				"omitted":	false,
				"sender":	false
			}
		}, {
			"streams":	[{
					"socket":	5,
					"start":	2.000079,
					"end":	3.000079,
					"seconds":	1,
					"bytes":	72845984,
					"bits_per_second":	582767872,
					"omitted":	false,
					"sender":	false
				}],
			"sum":	{
				"start":	2.000079,
				"end":	3.000079,
				"seconds":	1,
				"bytes":	72845984,
				"bits_per_second":	582767872,
				"omitted":	false,
				"sender":	false
			}
		}, {
			"streams":	[{
					"socket":	5,
					"start":	3.000079,
					"end":	4.000058,
					"seconds":	0.99997901916503906,
					"bytes":	75914560,
					"bits_per_second":	607329222.27417946,
					"omitted":	false,
					"sender":	false
				}],
			"sum":	{
				"start":	3.000079,
				"end":	4.000058,
				"seconds":	0.99997901916503906,
				"bytes":	75914560,
				"bits_per_second":	607329222.27417946,
				"omitted":	false,
				"sender":	false
			}
		}, {
			"streams":	[{
					"socket":	5,
					"start":	4.000058,
					"end":	5.000082,
					"seconds":	1.0000239610671997,
					"bytes":	71946776,
					"bits_per_second":	575560416.95817173,
					"omitted":	false,
					"sender":	false
				}],
			"sum":	{
				"start":	4.000058,
				"end":	5.000082,
				"seconds":	1.0000239610671997,
				"bytes":	71946776,
				"bits_per_second":	575560416.95817173,
				"omitted":	false,
				"sender":	false
			}
		}, {
			"streams":	[{
					"socket":	5,
					"start":	5.000082,
					"end":	6.000149,
					"seconds":	1.0000669956207275,
					"bytes":	73449800,
					"bits_per_second":	587559036.11766124,
					"omitted":	false,
					"sender":	false
				}],
			"sum":	{
				"start":	5.000082,
				"end":	6.000149,
				"seconds":	1.0000669956207275,
				"bytes":	73449800,
				"bits_per_second":	587559036.11766124,
				"omitted":	false,
				"sender":	false
			}
		}, {
			"streams":	[{
					"socket":	5,
					"start":	6.000149,
					"end":	7.000081,
					"seconds":	0.99993199110031128,
					"bytes":	73623560,
					"bits_per_second":	589028539.1828351,
					"omitted":	false,
					"sender":	false
				}],
			"sum":	{
				"start":	6.000149,
				"end":	7.000081,
				"seconds":	0.99993199110031128,
				"bytes":	73623560,
				"bits_per_second":	589028539.1828351,
				"omitted":	false,
				"sender":	false
			}
		}, {
			"streams":	[{
					"socket":	5,
					"start":	7.000081,
					"end":	8.000078,
					"seconds":	0.99999701976776123,
					"bytes":	73903024,
					"bits_per_second":	591225953.99064851,
					"omitted":	false,
					"sender":	false
				}],
			"sum":	{
				"start":	7.000081,
				"end":	8.000078,
				"seconds":	0.99999701976776123,
				"bytes":	73903024,
				"bits_per_second":	591225953.99064851,
				"omitted":	false,
				"sender":	false
			}
		}, {
			"streams":	[{
					"socket":	5,
					"start":	8.000078,
					"end":	9.000104,
					"seconds":	1.0000259876251221,
					"bytes":	72961824,
					"bits_per_second":	583679423.55794907,
					"omitted":	false,
					"sender":	false
				}],
			"sum":	{
				"start":	8.000078,
				"end":	9.000104,
				"seconds":	1.0000259876251221,
				"bytes":	72961824,
				"bits_per_second":	583679423.55794907,
				"omitted":	false,
				"sender":	false
			}
		}, {
			"streams":	[{
					"socket":	5,
					"start":	9.000104,
					"end":	10.000105,
					"seconds":	1.0000009536743164,
					"bytes":	73656864,
					"bits_per_second":	589254350.04326057,
					"omitted":	false,
					"sender":	false
				}],
			"sum":	{
				"start":	9.000104,
				"end":	10.000105,
				"seconds":	1.0000009536743164,
				"bytes":	73656864,
				"bits_per_second":	589254350.04326057,
				"omitted":	false,
				"sender":	false
			}
		}],
	"end":	{
		"streams":	[{
				"sender":	{
					"socket":	5,
					"start":	0,
					"end":	10.011184999952093,
					"seconds":	10.011184999952093,
					"bytes":	697423544,
					"bits_per_second":	557315477.84070516,
					"retransmits":	67,
					"max_snd_cwnd":	0,
					"max_rtt":	0,
					"min_rtt":	0,
					"mean_rtt":	0,
					"sender":	false
				},
				"receiver":	{
					"socket":	5,
					"start":	0,
					"end":	10.000105,
					"seconds":	10.000105,
					"bytes":	693444568,
					"bits_per_second":	554749829.52679,
					"sender":	false
				}
			}],
		"sum_sent":	{
			"start":	0,
			"end":	10.011184999952093,
			"seconds":	10.011184999952093,
			"bytes":	697423544,
			"bits_per_second":	557315477.84070516,
			"retransmits":	67,
			"sender":	false
		},
		"sum_received":	{
			"start":	0,
			"end":	10.000105,
			"seconds":	10.000105,
			"bytes":	693444568,
			"bits_per_second":	554749829.52679,
			"sender":	false
		},
		"cpu_utilization_percent":	{
			"host_total":	14.082151782178167,
			"host_user":	0.97723262358272256,
			"host_system":	13.104919158595447,
			"remote_total":	0.013857131679867692,
			"remote_user":	0.0011436160189468986,
			"remote_system":	0.012714775496799556
		},
		"sender_tcp_congestion":	"cubic",
		"receiver_tcp_congestion":	"cubic"
	}
}
