{
	"start":	{
		"connected":	[{
				"socket":	5,
				"local_host":	"192.168.0.104",
				"local_port":	50384,
				"remote_host":	"195.148.124.36",
				"remote_port":	5202
			}],
		"version":	"iperf 3.7",
		"system_info":	"Linux T14s 5.11.0-37-generic #41~20.04.2-Ubuntu SMP Fri Sep 24 09:06:38 UTC 2021 x86_64",
		"timestamp":	{
			"time":	"Mon, 04 Oct 2021 14:56:01 GMT",
			"timesecs":	1633359361
		},
		"connecting_to":	{
			"host":	"ok1.iperf.comnet-student.eu",
			"port":	5202
		},
		"cookie":	"2ajujvod5my7jwwleuymapc2karbloahg7or",
		"tcp_mss_default":	1448,
		"sock_bufsize":	0,
		"sndbuf_actual":	16384,
		"rcvbuf_actual":	131072,
		"test_start":	{
			"protocol":	"TCP",
			"num_streams":	1,
			"blksize":	131072,
			"omit":	0,
			"duration":	10,
			"bytes":	0,
			"blocks":	0,
			"reverse":	0,
			"tos":	0
		}
	},
	"intervals":	[{
			"streams":	[{
					"socket":	5,
					"start":	0,
					"end":	1.000149,
					"seconds":	1.0001490116119385,
					"bytes":	54999096,
					"bits_per_second":	439927213.73674548,
					"retransmits":	9,
					"snd_cwnd":	1267000,
					"rtt":	14905,
					"rttvar":	352,
					"pmtu":	1500,
					"omitted":	false,
					"sender":	true
				}],
			"sum":	{
				"start":	0,
				"end":	1.000149,
				"seconds":	1.0001490116119385,
				"bytes":	54999096,
				"bits_per_second":	439927213.73674548,
				"retransmits":	9,
				"omitted":	false,
				"sender":	true
			}
		}, {
			"streams":	[{
					"socket":	5,
					"start":	1.000149,
					"end":	2.000369,
					"seconds":	1.0002199411392212,
					"bytes":	55050240,
					"bits_per_second":	440305078.799364,
					"retransmits":	0,
					"snd_cwnd":	1274240,
					"rtt":	14722,
					"rttvar":	417,
					"pmtu":	1500,
					"omitted":	false,
					"sender":	true
				}],
			"sum":	{
				"start":	1.000149,
				"end":	2.000369,
				"seconds":	1.0002199411392212,
				"bytes":	55050240,
				"bits_per_second":	440305078.799364,
				"retransmits":	0,
				"omitted":	false,
				"sender":	true
			}
		}, {
			"streams":	[{
					"socket":	5,
					"start":	2.000369,
					"end":	3.000078,
					"seconds":	0.99970901012420654,
					"bytes":	57671680,
					"bits_per_second":	461507734.07821715,
					"retransmits":	0,
					"snd_cwnd":	1280032,
					"rtt":	8998,
					"rttvar":	1180,
					"pmtu":	1500,
					"omitted":	false,
					"sender":	true
				}],
			"sum":	{
				"start":	2.000369,
				"end":	3.000078,
				"seconds":	0.99970901012420654,
				"bytes":	57671680,
				"bits_per_second":	461507734.07821715,
				"retransmits":	0,
				"omitted":	false,
				"sender":	true
			}
		}, {
			"streams":	[{
					"socket":	5,
					"start":	3.000078,
					"end":	4.000259,
					"seconds":	1.0001809597015381,
					"bytes":	56360960,
					"bits_per_second":	450806102.26228309,
					"retransmits":	8,
					"snd_cwnd":	1282928,
					"rtt":	10931,
					"rttvar":	503,
					"pmtu":	1500,
					"omitted":	false,
					"sender":	true
				}],
			"sum":	{
				"start":	3.000078,
				"end":	4.000259,
				"seconds":	1.0001809597015381,
				"bytes":	56360960,
				"bits_per_second":	450806102.26228309,
				"retransmits":	8,
				"omitted":	false,
				"sender":	true
			}
		}, {
			"streams":	[{
					"socket":	5,
					"start":	4.000259,
					"end":	5.000147,
					"seconds":	0.999888002872467,
					"bytes":	57671680,
					"bits_per_second":	461425118.2878198,
					"retransmits":	1,
					"snd_cwnd":	1285824,
					"rtt":	10063,
					"rttvar":	611,
					"pmtu":	1500,
					"omitted":	false,
					"sender":	true
				}],
			"sum":	{
				"start":	4.000259,
				"end":	5.000147,
				"seconds":	0.999888002872467,
				"bytes":	57671680,
				"bits_per_second":	461425118.2878198,
				"retransmits":	1,
				"omitted":	false,
				"sender":	true
			}
		}, {
			"streams":	[{
					"socket":	5,
					"start":	5.000147,
					"end":	6.000149,
					"seconds":	1.0000020265579224,
					"bytes":	57671680,
					"bits_per_second":	461372505.00189483,
					"retransmits":	0,
					"snd_cwnd":	1294512,
					"rtt":	12003,
					"rttvar":	236,
					"pmtu":	1500,
					"omitted":	false,
					"sender":	true
				}],
			"sum":	{
				"start":	5.000147,
				"end":	6.000149,
				"seconds":	1.0000020265579224,
				"bytes":	57671680,
				"bits_per_second":	461372505.00189483,
				"retransmits":	0,
				"omitted":	false,
				"sender":	true
			}
		}, {
			"streams":	[{
					"socket":	5,
					"start":	6.000149,
					"end":	7.000148,
					"seconds":	0.99999898672103882,
					"bytes":	56360960,
					"bits_per_second":	450888136.87546295,
					"retransmits":	0,
					"snd_cwnd":	1298856,
					"rtt":	14765,
					"rttvar":	345,
					"pmtu":	1500,
					"omitted":	false,
					"sender":	true
				}],
			"sum":	{
				"start":	6.000149,
				"end":	7.000148,
				"seconds":	0.99999898672103882,
				"bytes":	56360960,
				"bits_per_second":	450888136.87546295,
				"retransmits":	0,
				"omitted":	false,
				"sender":	true
			}
		}, {
			"streams":	[{
					"socket":	5,
					"start":	7.000148,
					"end":	8.000149,
					"seconds":	1.0000009536743164,
					"bytes":	57671680,
					"bits_per_second":	461373000.00041962,
					"retransmits":	0,
					"snd_cwnd":	1308992,
					"rtt":	11744,
					"rttvar":	106,
					"pmtu":	1500,
					"omitted":	false,
					"sender":	true
				}],
			"sum":	{
				"start":	7.000148,
				"end":	8.000149,
				"seconds":	1.0000009536743164,
				"bytes":	57671680,
				"bits_per_second":	461373000.00041962,
				"retransmits":	0,
				"omitted":	false,
				"sender":	true
			}
		}, {
			"streams":	[{
					"socket":	5,
					"start":	8.000149,
					"end":	9.000165,
					"seconds":	1.0000159740447998,
					"bytes":	57671680,
					"bits_per_second":	461366070.1177268,
					"retransmits":	0,
					"snd_cwnd":	1327816,
					"rtt":	13253,
					"rttvar":	189,
					"pmtu":	1500,
					"omitted":	false,
					"sender":	true
				}],
			"sum":	{
				"start":	8.000149,
				"end":	9.000165,
				"seconds":	1.0000159740447998,
				"bytes":	57671680,
				"bits_per_second":	461366070.1177268,
				"retransmits":	0,
				"omitted":	false,
				"sender":	true
			}
		}, {
			"streams":	[{
					"socket":	5,
					"start":	9.000165,
					"end":	10.000159,
					"seconds":	0.99999397993087769,
					"bytes":	56360960,
					"bits_per_second":	450890394.39134085,
					"retransmits":	0,
					"snd_cwnd":	1356776,
					"rtt":	14130,
					"rttvar":	146,
					"pmtu":	1500,
					"omitted":	false,
					"sender":	true
				}],
			"sum":	{
				"start":	9.000165,
				"end":	10.000159,
				"seconds":	0.99999397993087769,
				"bytes":	56360960,
				"bits_per_second":	450890394.39134085,
				"retransmits":	0,
				"omitted":	false,
				"sender":	true
			}
		}],
	"end":	{
		"streams":	[{
				"sender":	{
					"socket":	5,
					"start":	0,
					"end":	10.000159,
					"seconds":	10.000159,
					"bytes":	567490616,
					"bits_per_second":	453985274.43413651,
					"retransmits":	18,
					"max_snd_cwnd":	1356776,
					"max_rtt":	14905,
					"min_rtt":	8998,
					"mean_rtt":	12551,
					"sender":	true
				},
				"receiver":	{
					"socket":	5,
					"start":	0,
					"end":	10.008092000032775,
					"seconds":	10.000159,
					"bytes":	565161640,
					"bits_per_second":	451763744.77624643,
					"sender":	true
				}
			}],
		"sum_sent":	{
			"start":	0,
			"end":	10.000159,
			"seconds":	10.000159,
			"bytes":	567490616,
			"bits_per_second":	453985274.43413651,
			"retransmits":	18,
			"sender":	true
		},
		"sum_received":	{
			"start":	0,
			"end":	10.008092000032775,
			"seconds":	10.008092000032775,
			"bytes":	565161640,
			"bits_per_second":	451763744.77624643,
			"sender":	true
		},
		"cpu_utilization_percent":	{
			"host_total":	1.8494666414816729,
			"host_user":	0.0898110131326487,
			"host_system":	1.7596456869041346,
			"remote_total":	0.11763132955722266,
			"remote_user":	0.010802696235102192,
			"remote_system":	0.10682911494284703
		},
		"sender_tcp_congestion":	"cubic",
		"receiver_tcp_congestion":	"cubic"
	}
}
