{
	"start":	{
		"connected":	[{
				"socket":	5,
				"local_host":	"192.168.0.104",
				"local_port":	43104,
				"remote_host":	"195.148.124.36",
				"remote_port":	5203
			}],
		"version":	"iperf 3.7",
		"system_info":	"Linux T14s 5.11.0-37-generic #41~20.04.2-Ubuntu SMP Fri Sep 24 09:06:38 UTC 2021 x86_64",
		"timestamp":	{
			"time":	"Mon, 04 Oct 2021 17:56:01 GMT",
			"timesecs":	1633370161
		},
		"connecting_to":	{
			"host":	"ok1.iperf.comnet-student.eu",
			"port":	5203
		},
		"cookie":	"am6dv6ckxkm3mr54iur5xshzb4l5ztqrxp76",
		"tcp_mss_default":	1448,
		"sock_bufsize":	0,
		"sndbuf_actual":	16384,
		"rcvbuf_actual":	131072,
		"test_start":	{
			"protocol":	"TCP",
			"num_streams":	1,
			"blksize":	131072,
			"omit":	0,
			"duration":	10,
			"bytes":	0,
			"blocks":	0,
			"reverse":	0,
			"tos":	0
		}
	},
	"intervals":	[{
			"streams":	[{
					"socket":	5,
					"start":	0,
					"end":	1.000313,
					"seconds":	1.0003130435943604,
					"bytes":	52762824,
					"bits_per_second":	421970496.83895552,
					"retransmits":	0,
					"snd_cwnd":	1246728,
					"rtt":	14086,
					"rttvar":	103,
					"pmtu":	1500,
					"omitted":	false,
					"sender":	true
				}],
			"sum":	{
				"start":	0,
				"end":	1.000313,
				"seconds":	1.0003130435943604,
				"bytes":	52762824,
				"bits_per_second":	421970496.83895552,
				"retransmits":	0,
				"omitted":	false,
				"sender":	true
			}
		}, {
			"streams":	[{
					"socket":	5,
					"start":	1.000313,
					"end":	2.000137,
					"seconds":	0.99982398748397827,
					"bytes":	55050240,
					"bits_per_second":	440479449.89623213,
					"retransmits":	2,
					"snd_cwnd":	1310440,
					"rtt":	10935,
					"rttvar":	183,
					"pmtu":	1500,
					"omitted":	false,
					"sender":	true
				}],
			"sum":	{
				"start":	1.000313,
				"end":	2.000137,
				"seconds":	0.99982398748397827,
				"bytes":	55050240,
				"bits_per_second":	440479449.89623213,
				"retransmits":	2,
				"omitted":	false,
				"sender":	true
			}
		}, {
			"streams":	[{
					"socket":	5,
					"start":	2.000137,
					"end":	3.000147,
					"seconds":	1.0000100135803223,
					"bytes":	52428800,
					"bits_per_second":	419426200.04205662,
					"retransmits":	0,
					"snd_cwnd":	682008,
					"rtt":	8484,
					"rttvar":	946,
					"pmtu":	1500,
					"omitted":	false,
					"sender":	true
				}],
			"sum":	{
				"start":	2.000137,
				"end":	3.000147,
				"seconds":	1.0000100135803223,
				"bytes":	52428800,
				"bits_per_second":	419426200.04205662,
				"retransmits":	0,
				"omitted":	false,
				"sender":	true
			}
		}, {
			"streams":	[{
					"socket":	5,
					"start":	3.000147,
					"end":	4.000117,
					"seconds":	0.999970018863678,
					"bytes":	55050240,
					"bits_per_second":	440415124.14587528,
					"retransmits":	17,
					"snd_cwnd":	732688,
					"rtt":	6119,
					"rttvar":	419,
					"pmtu":	1500,
					"omitted":	false,
					"sender":	true
				}],
			"sum":	{
				"start":	3.000147,
				"end":	4.000117,
				"seconds":	0.999970018863678,
				"bytes":	55050240,
				"bits_per_second":	440415124.14587528,
				"retransmits":	17,
				"omitted":	false,
				"sender":	true
			}
		}, {
			"streams":	[{
					"socket":	5,
					"start":	4.000117,
					"end":	5.000344,
					"seconds":	1.0002269744873047,
					"bytes":	57671680,
					"bits_per_second":	461268743.76337463,
					"retransmits":	0,
					"snd_cwnd":	786264,
					"rtt":	8855,
					"rttvar":	119,
					"pmtu":	1500,
					"omitted":	false,
					"sender":	true
				}],
			"sum":	{
				"start":	4.000117,
				"end":	5.000344,
				"seconds":	1.0002269744873047,
				"bytes":	57671680,
				"bits_per_second":	461268743.76337463,
				"retransmits":	0,
				"omitted":	false,
				"sender":	true
			}
		}, {
			"streams":	[{
					"socket":	5,
					"start":	5.000344,
					"end":	6.00013,
					"seconds":	0.99978601932525635,
					"bytes":	56360960,
					"bits_per_second":	450984181.89954156,
					"retransmits":	0,
					"snd_cwnd":	836944,
					"rtt":	15967,
					"rttvar":	94,
					"pmtu":	1500,
					"omitted":	false,
					"sender":	true
				}],
			"sum":	{
				"start":	5.000344,
				"end":	6.00013,
				"seconds":	0.99978601932525635,
				"bytes":	56360960,
				"bits_per_second":	450984181.89954156,
				"retransmits":	0,
				"omitted":	false,
				"sender":	true
			}
		}, {
			"streams":	[{
					"socket":	5,
					"start":	6.00013,
					"end":	7.000128,
					"seconds":	0.99999797344207764,
					"bytes":	56360960,
					"bits_per_second":	450888593.7518518,
					"retransmits":	0,
					"snd_cwnd":	883280,
					"rtt":	7490,
					"rttvar":	59,
					"pmtu":	1500,
					"omitted":	false,
					"sender":	true
				}],
			"sum":	{
				"start":	6.00013,
				"end":	7.000128,
				"seconds":	0.99999797344207764,
				"bytes":	56360960,
				"bits_per_second":	450888593.7518518,
				"retransmits":	0,
				"omitted":	false,
				"sender":	true
			}
		}, {
			"streams":	[{
					"socket":	5,
					"start":	7.000128,
					"end":	8.000163,
					"seconds":	1.0000350475311279,
					"bytes":	56360960,
					"bits_per_second":	450871878.05381918,
					"retransmits":	4,
					"snd_cwnd":	923824,
					"rtt":	8599,
					"rttvar":	90,
					"pmtu":	1500,
					"omitted":	false,
					"sender":	true
				}],
			"sum":	{
				"start":	7.000128,
				"end":	8.000163,
				"seconds":	1.0000350475311279,
				"bytes":	56360960,
				"bits_per_second":	450871878.05381918,
				"retransmits":	4,
				"omitted":	false,
				"sender":	true
			}
		}, {
			"streams":	[{
					"socket":	5,
					"start":	8.000163,
					"end":	9.000167,
					"seconds":	1.0000040531158447,
					"bytes":	56360960,
					"bits_per_second":	450885852.507407,
					"retransmits":	0,
					"snd_cwnd":	965816,
					"rtt":	13399,
					"rttvar":	346,
					"pmtu":	1500,
					"omitted":	false,
					"sender":	true
				}],
			"sum":	{
				"start":	8.000163,
				"end":	9.000167,
				"seconds":	1.0000040531158447,
				"bytes":	56360960,
				"bits_per_second":	450885852.507407,
				"retransmits":	0,
				"omitted":	false,
				"sender":	true
			}
		}, {
			"streams":	[{
					"socket":	5,
					"start":	9.000167,
					"end":	10.000292,
					"seconds":	1.0001250505447388,
					"bytes":	56360960,
					"bits_per_second":	450831303.29993707,
					"retransmits":	0,
					"snd_cwnd":	1002016,
					"rtt":	10463,
					"rttvar":	371,
					"pmtu":	1500,
					"omitted":	false,
					"sender":	true
				}],
			"sum":	{
				"start":	9.000167,
				"end":	10.000292,
				"seconds":	1.0001250505447388,
				"bytes":	56360960,
				"bits_per_second":	450831303.29993707,
				"retransmits":	0,
				"omitted":	false,
				"sender":	true
			}
		}],
	"end":	{
		"streams":	[{
				"sender":	{
					"socket":	5,
					"start":	0,
					"end":	10.000292,
					"seconds":	10.000292,
					"bytes":	554768584,
					"bits_per_second":	443801908.184281,
					"retransmits":	23,
					"max_snd_cwnd":	1310440,
					"max_rtt":	15967,
					"min_rtt":	6119,
					"mean_rtt":	10439,
					"sender":	true
				},
				"receiver":	{
					"socket":	5,
					"start":	0,
					"end":	10.008889999939129,
					"seconds":	10.000292,
					"bytes":	551925472,
					"bits_per_second":	441148196.85568064,
					"sender":	true
				}
			}],
		"sum_sent":	{
			"start":	0,
			"end":	10.000292,
			"seconds":	10.000292,
			"bytes":	554768584,
			"bits_per_second":	443801908.184281,
			"retransmits":	23,
			"sender":	true
		},
		"sum_received":	{
			"start":	0,
			"end":	10.008889999939129,
			"seconds":	10.008889999939129,
			"bytes":	551925472,
			"bits_per_second":	441148196.85568064,
			"sender":	true
		},
		"cpu_utilization_percent":	{
			"host_total":	1.8338168028647432,
			"host_user":	0.03660076804936898,
			"host_system":	1.7971961484974992,
			"remote_total":	0.17947912701691496,
			"remote_user":	0.012086001331721028,
			"remote_system":	0.16739317034016296
		},
		"sender_tcp_congestion":	"cubic",
		"receiver_tcp_congestion":	"cubic"
	}
}
