{
	"start":	{
		"connected":	[{
				"socket":	5,
				"local_host":	"192.168.0.104",
				"local_port":	36500,
				"remote_host":	"195.148.124.36",
				"remote_port":	5208
			}],
		"version":	"iperf 3.7",
		"system_info":	"Linux T14s 5.11.0-37-generic #41~20.04.2-Ubuntu SMP Fri Sep 24 09:06:38 UTC 2021 x86_64",
		"timestamp":	{
			"time":	"Mon, 04 Oct 2021 11:56:12 GMT",
			"timesecs":	1633348572
		},
		"connecting_to":	{
			"host":	"ok1.iperf.comnet-student.eu",
			"port":	5208
		},
		"cookie":	"rioyuvnkjbyjpyfmbvnnkurbsqzim7lhyo2t",
		"tcp_mss_default":	1448,
		"sock_bufsize":	0,
		"sndbuf_actual":	16384,
		"rcvbuf_actual":	131072,
		"test_start":	{
			"protocol":	"TCP",
			"num_streams":	1,
			"blksize":	131072,
			"omit":	0,
			"duration":	10,
			"bytes":	0,
			"blocks":	0,
			"reverse":	1,
			"tos":	0
		}
	},
	"intervals":	[{
			"streams":	[{
					"socket":	5,
					"start":	0,
					"end":	1.000039,
					"seconds":	1.0000389814376831,
					"bytes":	67808392,
					"bits_per_second":	542445990.675418,
					"omitted":	false,
					"sender":	false
				}],
			"sum":	{
				"start":	0,
				"end":	1.000039,
				"seconds":	1.0000389814376831,
				"bytes":	67808392,
				"bits_per_second":	542445990.675418,
				"omitted":	false,
				"sender":	false
			}
		}, {
			"streams":	[{
					"socket":	5,
					"start":	1.000039,
					"end":	2.000088,
					"seconds":	1.0000489950180054,
					"bytes":	74007280,
					"bits_per_second":	592029233.51704407,
					"omitted":	false,
					"sender":	false
				}],
			"sum":	{
				"start":	1.000039,
				"end":	2.000088,
				"seconds":	1.0000489950180054,
				"bytes":	74007280,
				"bits_per_second":	592029233.51704407,
				"omitted":	false,
				"sender":	false
			}
		}, {
			"streams":	[{
					"socket":	5,
					"start":	2.000088,
					"end":	3.000079,
					"seconds":	0.99999099969863892,
					"bytes":	74787752,
					"bits_per_second":	598307400.946915,
					"omitted":	false,
					"sender":	false
				}],
			"sum":	{
				"start":	2.000088,
				"end":	3.000079,
				"seconds":	0.99999099969863892,
				"bytes":	74787752,
				"bits_per_second":	598307400.946915,
				"omitted":	false,
				"sender":	false
			}
		}, {
			"streams":	[{
					"socket":	5,
					"start":	3.000079,
					"end":	4.000096,
					"seconds":	1.0000170469284058,
					"bytes":	74863048,
					"bits_per_second":	598894174.69388139,
					"omitted":	false,
					"sender":	false
				}],
			"sum":	{
				"start":	3.000079,
				"end":	4.000096,
				"seconds":	1.0000170469284058,
				"bytes":	74863048,
				"bits_per_second":	598894174.69388139,
				"omitted":	false,
				"sender":	false
			}
		}, {
			"streams":	[{
					"socket":	5,
					"start":	4.000096,
					"end":	5.00008,
					"seconds":	0.9999840259552002,
					"bytes":	75073008,
					"bits_per_second":	600593657.90999794,
					"omitted":	false,
					"sender":	false
				}],
			"sum":	{
				"start":	4.000096,
				"end":	5.00008,
				"seconds":	0.9999840259552002,
				"bytes":	75073008,
				"bits_per_second":	600593657.90999794,
				"omitted":	false,
				"sender":	false
			}
		}, {
			"streams":	[{
					"socket":	5,
					"start":	5.00008,
					"end":	6.000084,
					"seconds":	1.0000040531158447,
					"bytes":	75127232,
					"bits_per_second":	601015420.01487815,
					"omitted":	false,
					"sender":	false
				}],
			"sum":	{
				"start":	5.00008,
				"end":	6.000084,
				"seconds":	1.0000040531158447,
				"bytes":	75127232,
				"bits_per_second":	601015420.01487815,
				"omitted":	false,
				"sender":	false
			}
		}, {
			"streams":	[{
					"socket":	5,
					"start":	6.000084,
					"end":	7.000079,
					"seconds":	0.99999499320983887,
					"bytes":	73643832,
					"bits_per_second":	589153605.76847672,
					"omitted":	false,
					"sender":	false
				}],
			"sum":	{
				"start":	6.000084,
				"end":	7.000079,
				"seconds":	0.99999499320983887,
				"bytes":	73643832,
				"bits_per_second":	589153605.76847672,
				"omitted":	false,
				"sender":	false
			}
		}, {
			"streams":	[{
					"socket":	5,
					"start":	7.000079,
					"end":	8.000082,
					"seconds":	1.0000029802322388,
					"bytes":	74696528,
					"bits_per_second":	597570443.10130048,
					"omitted":	false,
					"sender":	false
				}],
			"sum":	{
				"start":	7.000079,
				"end":	8.000082,
				"seconds":	1.0000029802322388,
				"bytes":	74696528,
				"bits_per_second":	597570443.10130048,
				"omitted":	false,
				"sender":	false
			}
		}, {
			"streams":	[{
					"socket":	5,
					"start":	8.000082,
					"end":	9.000096,
					"seconds":	1.0000139474868774,
					"bytes":	72863360,
					"bits_per_second":	582898750.02733314,
					"omitted":	false,
					"sender":	false
				}],
			"sum":	{
				"start":	8.000082,
				"end":	9.000096,
				"seconds":	1.0000139474868774,
				"bytes":	72863360,
				"bits_per_second":	582898750.02733314,
				"omitted":	false,
				"sender":	false
			}
		}, {
			"streams":	[{
					"socket":	5,
					"start":	9.000096,
					"end":	10.000088,
					"seconds":	0.9999920129776001,
					"bytes":	75426320,
					"bits_per_second":	603415379.49215245,
					"omitted":	false,
					"sender":	false
				}],
			"sum":	{
				"start":	9.000096,
				"end":	10.000088,
				"seconds":	0.9999920129776001,
				"bytes":	75426320,
				"bits_per_second":	603415379.49215245,
				"omitted":	false,
				"sender":	false
			}
		}],
	"end":	{
		"streams":	[{
				"sender":	{
					"socket":	5,
					"start":	0,
					"end":	10.018012000015005,
					"seconds":	10.018012000015005,
					"bytes":	741805552,
					"bits_per_second":	592377451.33376873,
					"retransmits":	81,
					"max_snd_cwnd":	0,
					"max_rtt":	0,
					"min_rtt":	0,
					"mean_rtt":	0,
					"sender":	false
				},
				"receiver":	{
					"socket":	5,
					"start":	0,
					"end":	10.000088,
					"seconds":	10.000088,
					"bytes":	738296752,
					"bits_per_second":	590632204.03660452,
					"sender":	false
				}
			}],
		"sum_sent":	{
			"start":	0,
			"end":	10.018012000015005,
			"seconds":	10.018012000015005,
			"bytes":	741805552,
			"bits_per_second":	592377451.33376873,
			"retransmits":	81,
			"sender":	false
		},
		"sum_received":	{
			"start":	0,
			"end":	10.000088,
			"seconds":	10.000088,
			"bytes":	738296752,
			"bits_per_second":	590632204.03660452,
			"sender":	false
		},
		"cpu_utilization_percent":	{
			"host_total":	14.618467611465228,
			"host_user":	1.2336832570080998,
			"host_system":	13.384784354457127,
			"remote_total":	0.012193034340785181,
			"remote_user":	0,
			"remote_system":	0.012193682448432403
		},
		"sender_tcp_congestion":	"cubic",
		"receiver_tcp_congestion":	"cubic"
	}
}
