{
	"start":	{
		"connected":	[{
				"socket":	5,
				"local_host":	"192.168.0.104",
				"local_port":	54054,
				"remote_host":	"195.148.124.36",
				"remote_port":	5205
			}],
		"version":	"iperf 3.7",
		"system_info":	"Linux T14s 5.11.0-37-generic #41~20.04.2-Ubuntu SMP Fri Sep 24 09:06:38 UTC 2021 x86_64",
		"timestamp":	{
			"time":	"Mon, 04 Oct 2021 20:56:11 GMT",
			"timesecs":	1633380971
		},
		"connecting_to":	{
			"host":	"ok1.iperf.comnet-student.eu",
			"port":	5205
		},
		"cookie":	"umdip24uct4q7fewcia7fzulcoouutaaotd7",
		"tcp_mss_default":	1448,
		"sock_bufsize":	0,
		"sndbuf_actual":	16384,
		"rcvbuf_actual":	131072,
		"test_start":	{
			"protocol":	"TCP",
			"num_streams":	1,
			"blksize":	131072,
			"omit":	0,
			"duration":	10,
			"bytes":	0,
			"blocks":	0,
			"reverse":	1,
			"tos":	0
		}
	},
	"intervals":	[{
			"streams":	[{
					"socket":	5,
					"start":	0,
					"end":	1.000098,
					"seconds":	1.0000979900360107,
					"bytes":	68956368,
					"bits_per_second":	551596893.00059152,
					"omitted":	false,
					"sender":	false
				}],
			"sum":	{
				"start":	0,
				"end":	1.000098,
				"seconds":	1.0000979900360107,
				"bytes":	68956368,
				"bits_per_second":	551596893.00059152,
				"omitted":	false,
				"sender":	false
			}
		}, {
			"streams":	[{
					"socket":	5,
					"start":	1.000098,
					"end":	2.000078,
					"seconds":	0.99997997283935547,
					"bytes":	74144840,
					"bits_per_second":	593170599.52288628,
					"omitted":	false,
					"sender":	false
				}],
			"sum":	{
				"start":	1.000098,
				"end":	2.000078,
				"seconds":	0.99997997283935547,
				"bytes":	74144840,
				"bits_per_second":	593170599.52288628,
				"omitted":	false,
				"sender":	false
			}
		}, {
			"streams":	[{
					"socket":	5,
					"start":	2.000078,
					"end":	3.000075,
					"seconds":	0.99999701976776123,
					"bytes":	74781624,
					"bits_per_second":	598254774.93816721,
					"omitted":	false,
					"sender":	false
				}],
			"sum":	{
				"start":	2.000078,
				"end":	3.000075,
				"seconds":	0.99999701976776123,
				"bytes":	74781624,
				"bits_per_second":	598254774.93816721,
				"omitted":	false,
				"sender":	false
			}
		}, {
			"streams":	[{
					"socket":	5,
					"start":	3.000075,
					"end":	4.000083,
					"seconds":	1.0000079870224,
					"bytes":	75405816,
					"bits_per_second":	603241709.89495051,
					"omitted":	false,
					"sender":	false
				}],
			"sum":	{
				"start":	3.000075,
				"end":	4.000083,
				"seconds":	1.0000079870224,
				"bytes":	75405816,
				"bits_per_second":	603241709.89495051,
				"omitted":	false,
				"sender":	false
			}
		}, {
			"streams":	[{
					"socket":	5,
					"start":	4.000083,
					"end":	5.000079,
					"seconds":	0.9999960064888,
					"bytes":	74628800,
					"bits_per_second":	597032784.25711071,
					"omitted":	false,
					"sender":	false
				}],
			"sum":	{
				"start":	4.000083,
				"end":	5.000079,
				"seconds":	0.9999960064888,
				"bytes":	74628800,
				"bits_per_second":	597032784.25711071,
				"omitted":	false,
				"sender":	false
			}
		}, {
			"streams":	[{
					"socket":	5,
					"start":	5.000079,
					"end":	6.000077,
					"seconds":	0.99999797344207764,
					"bytes":	75284416,
					"bits_per_second":	602276548.54831088,
					"omitted":	false,
					"sender":	false
				}],
			"sum":	{
				"start":	5.000079,
				"end":	6.000077,
				"seconds":	0.99999797344207764,
				"bytes":	75284416,
				"bits_per_second":	602276548.54831088,
				"omitted":	false,
				"sender":	false
			}
		}, {
			"streams":	[{
					"socket":	5,
					"start":	6.000077,
					"end":	7.000117,
					"seconds":	1.0000400543212891,
					"bytes":	75044048,
					"bits_per_second":	600328338.25586057,
					"omitted":	false,
					"sender":	false
				}],
			"sum":	{
				"start":	6.000077,
				"end":	7.000117,
				"seconds":	1.0000400543212891,
				"bytes":	75044048,
				"bits_per_second":	600328338.25586057,
				"omitted":	false,
				"sender":	false
			}
		}, {
			"streams":	[{
					"socket":	5,
					"start":	7.000117,
					"end":	8.000076,
					"seconds":	0.99995899200439453,
					"bytes":	74125856,
					"bits_per_second":	593031167.01949108,
					"omitted":	false,
					"sender":	false
				}],
			"sum":	{
				"start":	7.000117,
				"end":	8.000076,
				"seconds":	0.99995899200439453,
				"bytes":	74125856,
				"bits_per_second":	593031167.01949108,
				"omitted":	false,
				"sender":	false
			}
		}, {
			"streams":	[{
					"socket":	5,
					"start":	8.000076,
					"end":	9.000088,
					"seconds":	1.0000120401382446,
					"bytes":	75530576,
					"bits_per_second":	604237332.89897931,
					"omitted":	false,
					"sender":	false
				}],
			"sum":	{
				"start":	8.000076,
				"end":	9.000088,
				"seconds":	1.0000120401382446,
				"bytes":	75530576,
				"bits_per_second":	604237332.89897931,
				"omitted":	false,
				"sender":	false
			}
		}, {
			"streams":	[{
					"socket":	5,
					"start":	9.000088,
					"end":	10.000089,
					"seconds":	1.0000009536743164,
					"bytes":	73779944,
					"bits_per_second":	590238989.10423553,
					"omitted":	false,
					"sender":	false
				}],
			"sum":	{
				"start":	9.000088,
				"end":	10.000089,
				"seconds":	1.0000009536743164,
				"bytes":	73779944,
				"bits_per_second":	590238989.10423553,
				"omitted":	false,
				"sender":	false
			}
		}],
	"end":	{
		"streams":	[{
				"sender":	{
					"socket":	5,
					"start":	0,
					"end":	10.015296000055969,
					"seconds":	10.015296000055969,
					"bytes":	744576272,
					"bits_per_second":	594751286.02956045,
					"retransmits":	36,
					"max_snd_cwnd":	0,
					"max_rtt":	0,
					"min_rtt":	0,
					"mean_rtt":	0,
					"sender":	false
				},
				"receiver":	{
					"socket":	5,
					"start":	0,
					"end":	10.000089,
					"seconds":	10.000089,
					"bytes":	741682288,
					"bits_per_second":	593340549.669108,
					"sender":	false
				}
			}],
		"sum_sent":	{
			"start":	0,
			"end":	10.015296000055969,
			"seconds":	10.015296000055969,
			"bytes":	744576272,
			"bits_per_second":	594751286.02956045,
			"retransmits":	36,
			"sender":	false
		},
		"sum_received":	{
			"start":	0,
			"end":	10.000089,
			"seconds":	10.000089,
			"bytes":	741682288,
			"bits_per_second":	593340549.669108,
			"sender":	false
		},
		"cpu_utilization_percent":	{
			"host_total":	14.272843284904409,
			"host_user":	0.70335523595750515,
			"host_system":	13.569478105562549,
			"remote_total":	0.079098909470773457,
			"remote_user":	0.0034909253544129948,
			"remote_system":	0.075608995802836546
		},
		"sender_tcp_congestion":	"cubic",
		"receiver_tcp_congestion":	"cubic"
	}
}
