{
	"start":	{
		"connected":	[{
				"socket":	5,
				"local_host":	"192.168.0.104",
				"local_port":	46388,
				"remote_host":	"195.148.124.36",
				"remote_port":	5210
			}],
		"version":	"iperf 3.7",
		"system_info":	"Linux T14s 5.11.0-37-generic #41~20.04.2-Ubuntu SMP Fri Sep 24 09:06:38 UTC 2021 x86_64",
		"timestamp":	{
			"time":	"Mon, 04 Oct 2021 09:56:11 GMT",
			"timesecs":	1633341371
		},
		"connecting_to":	{
			"host":	"ok1.iperf.comnet-student.eu",
			"port":	5210
		},
		"cookie":	"aobaldfkveg6ss53g2eeacbgysmun6k4pwvj",
		"tcp_mss_default":	1448,
		"sock_bufsize":	0,
		"sndbuf_actual":	16384,
		"rcvbuf_actual":	131072,
		"test_start":	{
			"protocol":	"TCP",
			"num_streams":	1,
			"blksize":	131072,
			"omit":	0,
			"duration":	10,
			"bytes":	0,
			"blocks":	0,
			"reverse":	1,
			"tos":	0
		}
	},
	"intervals":	[{
			"streams":	[{
					"socket":	5,
					"start":	0,
					"end":	1.000081,
					"seconds":	1.000080943107605,
					"bytes":	66348808,
					"bits_per_second":	530747503.64770114,
					"omitted":	false,
					"sender":	false
				}],
			"sum":	{
				"start":	0,
				"end":	1.000081,
				"seconds":	1.000080943107605,
				"bytes":	66348808,
				"bits_per_second":	530747503.64770114,
				"omitted":	false,
				"sender":	false
			}
		}, {
			"streams":	[{
					"socket":	5,
					"start":	1.000081,
					"end":	2.000084,
					"seconds":	1.0000029802322388,
					"bytes":	74360592,
					"bits_per_second":	594882963.110615,
					"omitted":	false,
					"sender":	false
				}],
			"sum":	{
				"start":	1.000081,
				"end":	2.000084,
				"seconds":	1.0000029802322388,
				"bytes":	74360592,
				"bits_per_second":	594882963.110615,
				"omitted":	false,
				"sender":	false
			}
		}, {
			"streams":	[{
					"socket":	5,
					"start":	2.000084,
					"end":	3.000058,
					"seconds":	0.99997401237487793,
					"bytes":	75681168,
					"bits_per_second":	605465078.59948719,
					"omitted":	false,
					"sender":	false
				}],
			"sum":	{
				"start":	2.000084,
				"end":	3.000058,
				"seconds":	0.99997401237487793,
				"bytes":	75681168,
				"bits_per_second":	605465078.59948719,
				"omitted":	false,
				"sender":	false
			}
		}, {
			"streams":	[{
					"socket":	5,
					"start":	3.000058,
					"end":	4.000095,
					"seconds":	1.0000369548797607,
					"bytes":	75871744,
					"bits_per_second":	606951522.17947721,
					"omitted":	false,
					"sender":	false
				}],
			"sum":	{
				"start":	3.000058,
				"end":	4.000095,
				"seconds":	1.0000369548797607,
				"bytes":	75871744,
				"bits_per_second":	606951522.17947721,
				"omitted":	false,
				"sender":	false
			}
		}, {
			"streams":	[{
					"socket":	5,
					"start":	4.000095,
					"end":	5.000082,
					"seconds":	0.999987006187439,
					"bytes":	75302480,
					"bits_per_second":	602427667.83219743,
					"omitted":	false,
					"sender":	false
				}],
			"sum":	{
				"start":	4.000095,
				"end":	5.000082,
				"seconds":	0.999987006187439,
				"bytes":	75302480,
				"bits_per_second":	602427667.83219743,
				"omitted":	false,
				"sender":	false
			}
		}, {
			"streams":	[{
					"socket":	5,
					"start":	5.000082,
					"end":	6.000084,
					"seconds":	1.0000020265579224,
					"bytes":	74828000,
					"bits_per_second":	598622786.85624874,
					"omitted":	false,
					"sender":	false
				}],
			"sum":	{
				"start":	5.000082,
				"end":	6.000084,
				"seconds":	1.0000020265579224,
				"bytes":	74828000,
				"bits_per_second":	598622786.85624874,
				"omitted":	false,
				"sender":	false
			}
		}, {
			"streams":	[{
					"socket":	5,
					"start":	6.000084,
					"end":	7.000085,
					"seconds":	1.0000009536743164,
					"bytes":	74806576,
					"bits_per_second":	598452037.27166247,
					"omitted":	false,
					"sender":	false
				}],
			"sum":	{
				"start":	6.000084,
				"end":	7.000085,
				"seconds":	1.0000009536743164,
				"bytes":	74806576,
				"bits_per_second":	598452037.27166247,
				"omitted":	false,
				"sender":	false
			}
		}, {
			"streams":	[{
					"socket":	5,
					"start":	7.000085,
					"end":	8.000121,
					"seconds":	1.0000360012054443,
					"bytes":	73739400,
					"bits_per_second":	589893963.10624385,
					"omitted":	false,
					"sender":	false
				}],
			"sum":	{
				"start":	7.000085,
				"end":	8.000121,
				"seconds":	1.0000360012054443,
				"bytes":	73739400,
				"bits_per_second":	589893963.10624385,
				"omitted":	false,
				"sender":	false
			}
		}, {
			"streams":	[{
					"socket":	5,
					"start":	8.000121,
					"end":	9.000087,
					"seconds":	0.999966025352478,
					"bytes":	75547952,
					"bits_per_second":	604404150.41797125,
					"omitted":	false,
					"sender":	false
				}],
			"sum":	{
				"start":	8.000121,
				"end":	9.000087,
				"seconds":	0.999966025352478,
				"bytes":	75547952,
				"bits_per_second":	604404150.41797125,
				"omitted":	false,
				"sender":	false
			}
		}, {
			"streams":	[{
					"socket":	5,
					"start":	9.000087,
					"end":	10.000142,
					"seconds":	1.0000549554824829,
					"bytes":	74354800,
					"bits_per_second":	594805712.16510439,
					"omitted":	false,
					"sender":	false
				}],
			"sum":	{
				"start":	9.000087,
				"end":	10.000142,
				"seconds":	1.0000549554824829,
				"bytes":	74354800,
				"bits_per_second":	594805712.16510439,
				"omitted":	false,
				"sender":	false
			}
		}],
	"end":	{
		"streams":	[{
				"sender":	{
					"socket":	5,
					"start":	0,
					"end":	10.008540000068024,
					"seconds":	10.008540000068024,
					"bytes":	744233568,
					"bits_per_second":	594878827.87694645,
					"retransmits":	75,
					"max_snd_cwnd":	0,
					"max_rtt":	0,
					"min_rtt":	0,
					"mean_rtt":	0,
					"sender":	false
				},
				"receiver":	{
					"socket":	5,
					"start":	0,
					"end":	10.000142,
					"seconds":	10.000142,
					"bytes":	740841520,
					"bits_per_second":	592664800.15983772,
					"sender":	false
				}
			}],
		"sum_sent":	{
			"start":	0,
			"end":	10.008540000068024,
			"seconds":	10.008540000068024,
			"bytes":	744233568,
			"bits_per_second":	594878827.87694645,
			"retransmits":	75,
			"sender":	false
		},
		"sum_received":	{
			"start":	0,
			"end":	10.000142,
			"seconds":	10.000142,
			"bytes":	740841520,
			"bits_per_second":	592664800.15983772,
			"sender":	false
		},
		"cpu_utilization_percent":	{
			"host_total":	13.411793035963166,
			"host_user":	1.0096041898201036,
			"host_system":	12.402178903711729,
			"remote_total":	0.011754915718212322,
			"remote_user":	0.000678179635280337,
			"remote_system":	0.011077423733389475
		},
		"sender_tcp_congestion":	"cubic",
		"receiver_tcp_congestion":	"cubic"
	}
}
