{
	"start":	{
		"connected":	[{
				"socket":	5,
				"local_host":	"192.168.0.104",
				"local_port":	47504,
				"remote_host":	"195.148.124.36",
				"remote_port":	5209
			}],
		"version":	"iperf 3.7",
		"system_info":	"Linux T14s 5.11.0-37-generic #41~20.04.2-Ubuntu SMP Fri Sep 24 09:06:38 UTC 2021 x86_64",
		"timestamp":	{
			"time":	"Mon, 04 Oct 2021 15:56:11 GMT",
			"timesecs":	1633362971
		},
		"connecting_to":	{
			"host":	"ok1.iperf.comnet-student.eu",
			"port":	5209
		},
		"cookie":	"tjdcdxwiycsrdqfvx734xweegzmsbtzbmsqi",
		"tcp_mss_default":	1448,
		"sock_bufsize":	0,
		"sndbuf_actual":	16384,
		"rcvbuf_actual":	131072,
		"test_start":	{
			"protocol":	"TCP",
			"num_streams":	1,
			"blksize":	131072,
			"omit":	0,
			"duration":	10,
			"bytes":	0,
			"blocks":	0,
			"reverse":	1,
			"tos":	0
		}
	},
	"intervals":	[{
			"streams":	[{
					"socket":	5,
					"start":	0,
					"end":	1.000082,
					"seconds":	1.0000820159912109,
					"bytes":	63917616,
					"bits_per_second":	511298993.30625886,
					"omitted":	false,
					"sender":	false
				}],
			"sum":	{
				"start":	0,
				"end":	1.000082,
				"seconds":	1.0000820159912109,
				"bytes":	63917616,
				"bits_per_second":	511298993.30625886,
				"omitted":	false,
				"sender":	false
			}
		}, {
			"streams":	[{
					"socket":	5,
					"start":	1.000082,
					"end":	2.000045,
					"seconds":	0.99996298551559448,
					"bytes":	74278456,
					"bits_per_second":	594249643.8441751,
					"omitted":	false,
					"sender":	false
				}],
			"sum":	{
				"start":	1.000082,
				"end":	2.000045,
				"seconds":	0.99996298551559448,
				"bytes":	74278456,
				"bits_per_second":	594249643.8441751,
				"omitted":	false,
				"sender":	false
			}
		}, {
			"streams":	[{
					"socket":	5,
					"start":	2.000045,
					"end":	3.000083,
					"seconds":	1.0000380277633667,
					"bytes":	71697760,
					"bits_per_second":	573560268.785822,
					"omitted":	false,
					"sender":	false
				}],
			"sum":	{
				"start":	2.000045,
				"end":	3.000083,
				"seconds":	1.0000380277633667,
				"bytes":	71697760,
				"bits_per_second":	573560268.785822,
				"omitted":	false,
				"sender":	false
			}
		}, {
			"streams":	[{
					"socket":	5,
					"start":	3.000083,
					"end":	4.000085,
					"seconds":	1.0000020265579224,
					"bytes":	74334064,
					"bits_per_second":	594671306.86415184,
					"omitted":	false,
					"sender":	false
				}],
			"sum":	{
				"start":	3.000083,
				"end":	4.000085,
				"seconds":	1.0000020265579224,
				"bytes":	74334064,
				"bits_per_second":	594671306.86415184,
				"omitted":	false,
				"sender":	false
			}
		}, {
			"streams":	[{
					"socket":	5,
					"start":	4.000085,
					"end":	5.000085,
					"seconds":	1,
					"bytes":	71609032,
					"bits_per_second":	572872256,
					"omitted":	false,
					"sender":	false
				}],
			"sum":	{
				"start":	4.000085,
				"end":	5.000085,
				"seconds":	1,
				"bytes":	71609032,
				"bits_per_second":	572872256,
				"omitted":	false,
				"sender":	false
			}
		}, {
			"streams":	[{
					"socket":	5,
					"start":	5.000085,
					"end":	6.000076,
					"seconds":	0.99999099969863892,
					"bytes":	70594344,
					"bits_per_second":	564759835.0087117,
					"omitted":	false,
					"sender":	false
				}],
			"sum":	{
				"start":	5.000085,
				"end":	6.000076,
				"seconds":	0.99999099969863892,
				"bytes":	70594344,
				"bits_per_second":	564759835.0087117,
				"omitted":	false,
				"sender":	false
			}
		}, {
			"streams":	[{
					"socket":	5,
					"start":	6.000076,
					"end":	7.000077,
					"seconds":	1.0000009536743164,
					"bytes":	74210000,
					"bits_per_second":	593679433.82317173,
					"omitted":	false,
					"sender":	false
				}],
			"sum":	{
				"start":	6.000076,
				"end":	7.000077,
				"seconds":	1.0000009536743164,
				"bytes":	74210000,
				"bits_per_second":	593679433.82317173,
				"omitted":	false,
				"sender":	false
			}
		}, {
			"streams":	[{
					"socket":	5,
					"start":	7.000077,
					"end":	8.000079,
					"seconds":	1.0000020265579224,
					"bytes":	75029568,
					"bits_per_second":	600235327.58834159,
					"omitted":	false,
					"sender":	false
				}],
			"sum":	{
				"start":	7.000077,
				"end":	8.000079,
				"seconds":	1.0000020265579224,
				"bytes":	75029568,
				"bits_per_second":	600235327.58834159,
				"omitted":	false,
				"sender":	false
			}
		}, {
			"streams":	[{
					"socket":	5,
					"start":	8.000079,
					"end":	9.00008,
					"seconds":	1.0000009536743164,
					"bytes":	75574016,
					"bits_per_second":	604591551.41656554,
					"omitted":	false,
					"sender":	false
				}],
			"sum":	{
				"start":	8.000079,
				"end":	9.00008,
				"seconds":	1.0000009536743164,
				"bytes":	75574016,
				"bits_per_second":	604591551.41656554,
				"omitted":	false,
				"sender":	false
			}
		}, {
			"streams":	[{
					"socket":	5,
					"start":	9.00008,
					"end":	10.000092,
					"seconds":	1.0000120401382446,
					"bytes":	75576912,
					"bits_per_second":	604608016.4358983,
					"omitted":	false,
					"sender":	false
				}],
			"sum":	{
				"start":	9.00008,
				"end":	10.000092,
				"seconds":	1.0000120401382446,
				"bytes":	75576912,
				"bits_per_second":	604608016.4358983,
				"omitted":	false,
				"sender":	false
			}
		}],
	"end":	{
		"streams":	[{
				"sender":	{
					"socket":	5,
					"start":	0,
					"end":	10.014502999954857,
					"seconds":	10.014502999954857,
					"bytes":	730041392,
					"bits_per_second":	583187317.03673434,
					"retransmits":	86,
					"max_snd_cwnd":	0,
					"max_rtt":	0,
					"min_rtt":	0,
					"mean_rtt":	0,
					"sender":	false
				},
				"receiver":	{
					"socket":	5,
					"start":	0,
					"end":	10.000092,
					"seconds":	10.000092,
					"bytes":	726821768,
					"bits_per_second":	581452065.04100156,
					"sender":	false
				}
			}],
		"sum_sent":	{
			"start":	0,
			"end":	10.014502999954857,
			"seconds":	10.014502999954857,
			"bytes":	730041392,
			"bits_per_second":	583187317.03673434,
			"retransmits":	86,
			"sender":	false
		},
		"sum_received":	{
			"start":	0,
			"end":	10.000092,
			"seconds":	10.000092,
			"bytes":	726821768,
			"bits_per_second":	581452065.04100156,
			"sender":	false
		},
		"cpu_utilization_percent":	{
			"host_total":	14.025496402070988,
			"host_user":	0.94738952697325929,
			"host_system":	13.078096934282362,
			"remote_total":	0.045610337286928135,
			"remote_user":	0.0017805757014185454,
			"remote_system":	0.043830227004238317
		},
		"sender_tcp_congestion":	"cubic",
		"receiver_tcp_congestion":	"cubic"
	}
}
